[
{"deteccao_id":"5","tipo_evento":"SAIDA","placa":"MNO7890","modelo":"Mottu Sport","status":"Reservada","timestamp_deteccao":"2025-11-05T23:59:06"},
{"deteccao_id":"4","tipo_evento":"ENTRADA","placa":"JKL3456","modelo":"Mottu Pop","status":"Em quarentena","timestamp_deteccao":"2025-11-05T23:59:06"},
{"deteccao_id":"3","tipo_evento":"ENTRADA","placa":"GHI9012","modelo":"Mottu-E","status":"Pronta para aluguel","timestamp_deteccao":"2025-11-05T23:59:06"},
{"deteccao_id":"2","tipo_evento":"SAIDA","placa":"DEF5678","modelo":"Mottu Sport","status":"Em manutencao","timestamp_deteccao":"2025-11-05T23:59:06"},
{"deteccao_id":"1","tipo_evento":"ENTRADA","placa":"ABC1234","modelo":"Mottu Pop","status":"Pronta para aluguel","timestamp_deteccao":"2025-11-05T23:59:06"}
]